,date,price,model,best_model,mape,product,product_type,federal_okrug
0,2024-12-02,1658.0,NeuralProphet,NeuralProphet,4.702403618914745,Говядина,вырезка,ВСЕ
1,2024-12-09,1587.15,NeuralProphet,NeuralProphet,4.702403618914745,Говядина,вырезка,ВСЕ
2,2024-12-16,1579.47,NeuralProphet,NeuralProphet,4.702403618914745,Говядина,вырезка,ВСЕ
3,2024-12-23,1639.21,NeuralProphet,NeuralProphet,4.702403618914745,Говядина,вырезка,ВСЕ
4,2024-12-30,1622.28,NeuralProphet,NeuralProphet,4.702403618914745,Говядина,вырезка,ВСЕ
5,2025-01-06,1628.11,NeuralProphet,NeuralProphet,4.702403618914745,Говядина,вырезка,ВСЕ
6,2025-01-13,1652.17,NeuralProphet,NeuralProphet,4.702403618914745,Говядина,вырезка,ВСЕ
7,2025-01-20,1635.04,NeuralProphet,NeuralProphet,4.702403618914745,Говядина,вырезка,ВСЕ
8,2025-01-27,1687.72,NeuralProphet,NeuralProphet,4.702403618914745,Говядина,вырезка,ВСЕ
9,2025-02-03,1715.24,NeuralProphet,NeuralProphet,4.702403618914745,Говядина,вырезка,ВСЕ
10,2025-02-10,1696.92,NeuralProphet,NeuralProphet,4.702403618914745,Говядина,вырезка,ВСЕ
11,2025-02-17,1687.51,NeuralProphet,NeuralProphet,4.702403618914745,Говядина,вырезка,ВСЕ
12,2025-02-24,1638.34,NeuralProphet,NeuralProphet,4.702403618914745,Говядина,вырезка,ВСЕ
13,2024-12-02,1776.83,NeuralProphet,NeuralProphet,4.789451448543924,Говядина,вырезка,Москва
14,2024-12-09,1761.14,NeuralProphet,NeuralProphet,4.789451448543924,Говядина,вырезка,Москва
15,2024-12-16,1775.93,NeuralProphet,NeuralProphet,4.789451448543924,Говядина,вырезка,Москва
16,2024-12-23,1846.44,NeuralProphet,NeuralProphet,4.789451448543924,Говядина,вырезка,Москва
17,2024-12-30,1821.59,NeuralProphet,NeuralProphet,4.789451448543924,Говядина,вырезка,Москва
18,2025-01-06,1787.26,NeuralProphet,NeuralProphet,4.789451448543924,Говядина,вырезка,Москва
19,2025-01-13,1808.99,NeuralProphet,NeuralProphet,4.789451448543924,Говядина,вырезка,Москва
20,2025-01-20,1805.29,NeuralProphet,NeuralProphet,4.789451448543924,Говядина,вырезка,Москва
21,2025-01-27,1866.1,NeuralProphet,NeuralProphet,4.789451448543924,Говядина,вырезка,Москва
22,2025-02-03,1896.8,NeuralProphet,NeuralProphet,4.789451448543924,Говядина,вырезка,Москва
23,2025-02-10,1903.56,NeuralProphet,NeuralProphet,4.789451448543924,Говядина,вырезка,Москва
24,2025-02-17,1901.06,NeuralProphet,NeuralProphet,4.789451448543924,Говядина,вырезка,Москва
25,2025-02-24,1884.66,NeuralProphet,NeuralProphet,4.789451448543924,Говядина,вырезка,Москва
26,2024-12-02,2021.06,NeuralProphet,NeuralProphet,5.000690171902995,Говядина,вырезка,ПФО
27,2024-12-09,2042.43,NeuralProphet,NeuralProphet,5.000690171902995,Говядина,вырезка,ПФО
28,2024-12-16,2053.41,NeuralProphet,NeuralProphet,5.000690171902995,Говядина,вырезка,ПФО
29,2024-12-23,2150.52,NeuralProphet,NeuralProphet,5.000690171902995,Говядина,вырезка,ПФО
30,2024-12-30,2130.59,NeuralProphet,NeuralProphet,5.000690171902995,Говядина,вырезка,ПФО
31,2025-01-06,2145.33,NeuralProphet,NeuralProphet,5.000690171902995,Говядина,вырезка,ПФО
32,2025-01-13,2091.3,NeuralProphet,NeuralProphet,5.000690171902995,Говядина,вырезка,ПФО
33,2025-01-20,2120.52,NeuralProphet,NeuralProphet,5.000690171902995,Говядина,вырезка,ПФО
34,2025-01-27,2249.56,NeuralProphet,NeuralProphet,5.000690171902995,Говядина,вырезка,ПФО
35,2025-02-03,2288.6,NeuralProphet,NeuralProphet,5.000690171902995,Говядина,вырезка,ПФО
36,2025-02-10,2315.43,NeuralProphet,NeuralProphet,5.000690171902995,Говядина,вырезка,ПФО
37,2025-02-17,2294.65,NeuralProphet,NeuralProphet,5.000690171902995,Говядина,вырезка,ПФО
38,2025-02-24,2336.87,NeuralProphet,NeuralProphet,5.000690171902995,Говядина,вырезка,ПФО
39,2024-12-02,1796.69,NeuralProphet,NeuralProphet,5.165989430745443,Говядина,вырезка,СЗФО
40,2024-12-09,1791.58,NeuralProphet,NeuralProphet,5.165989430745443,Говядина,вырезка,СЗФО
41,2024-12-16,1793.48,NeuralProphet,NeuralProphet,5.165989430745443,Говядина,вырезка,СЗФО
42,2024-12-23,1866.1,NeuralProphet,NeuralProphet,5.165989430745443,Говядина,вырезка,СЗФО
43,2024-12-30,1846.77,NeuralProphet,NeuralProphet,5.165989430745443,Говядина,вырезка,СЗФО
44,2025-01-06,1797.0,NeuralProphet,NeuralProphet,5.165989430745443,Говядина,вырезка,СЗФО
45,2025-01-13,1802.22,NeuralProphet,NeuralProphet,5.165989430745443,Говядина,вырезка,СЗФО
46,2025-01-20,1803.63,NeuralProphet,NeuralProphet,5.165989430745443,Говядина,вырезка,СЗФО
47,2025-01-27,1884.93,NeuralProphet,NeuralProphet,5.165989430745443,Говядина,вырезка,СЗФО
48,2025-02-03,1918.71,NeuralProphet,NeuralProphet,5.165989430745443,Говядина,вырезка,СЗФО
49,2025-02-10,1923.36,NeuralProphet,NeuralProphet,5.165989430745443,Говядина,вырезка,СЗФО
50,2025-02-17,1901.52,NeuralProphet,NeuralProphet,5.165989430745443,Говядина,вырезка,СЗФО
51,2025-02-24,1878.84,NeuralProphet,NeuralProphet,5.165989430745443,Говядина,вырезка,СЗФО
52,2024-12-02,1378.45,NeuralProphet,NeuralProphet,6.887133918239189,Говядина,вырезка,СФО
53,2024-12-09,1400.52,NeuralProphet,NeuralProphet,6.887133918239189,Говядина,вырезка,СФО
54,2024-12-16,1387.26,NeuralProphet,NeuralProphet,6.887133918239189,Говядина,вырезка,СФО
55,2024-12-23,1457.82,NeuralProphet,NeuralProphet,6.887133918239189,Говядина,вырезка,СФО
56,2024-12-30,1451.37,NeuralProphet,NeuralProphet,6.887133918239189,Говядина,вырезка,СФО
57,2025-01-06,1423.4,NeuralProphet,NeuralProphet,6.887133918239189,Говядина,вырезка,СФО
58,2025-01-13,1428.94,NeuralProphet,NeuralProphet,6.887133918239189,Говядина,вырезка,СФО
59,2025-01-20,1451.79,NeuralProphet,NeuralProphet,6.887133918239189,Говядина,вырезка,СФО
60,2025-01-27,1507.48,NeuralProphet,NeuralProphet,6.887133918239189,Говядина,вырезка,СФО
61,2025-02-03,1516.32,NeuralProphet,NeuralProphet,6.887133918239189,Говядина,вырезка,СФО
62,2025-02-10,1489.22,NeuralProphet,NeuralProphet,6.887133918239189,Говядина,вырезка,СФО
63,2025-02-17,1437.55,NeuralProphet,NeuralProphet,6.887133918239189,Говядина,вырезка,СФО
64,2025-02-24,1415.74,NeuralProphet,NeuralProphet,6.887133918239189,Говядина,вырезка,СФО
65,2024-12-02,1630.06,NeuralProphet,NeuralProphet,4.365779443604559,Говядина,вырезка,Санкт-Петербург
66,2024-12-09,1606.3,NeuralProphet,NeuralProphet,4.365779443604559,Говядина,вырезка,Санкт-Петербург
67,2024-12-16,1612.41,NeuralProphet,NeuralProphet,4.365779443604559,Говядина,вырезка,Санкт-Петербург
68,2024-12-23,1691.95,NeuralProphet,NeuralProphet,4.365779443604559,Говядина,вырезка,Санкт-Петербург
69,2024-12-30,1651.58,NeuralProphet,NeuralProphet,4.365779443604559,Говядина,вырезка,Санкт-Петербург
70,2025-01-06,1641.41,NeuralProphet,NeuralProphet,4.365779443604559,Говядина,вырезка,Санкт-Петербург
71,2025-01-13,1664.68,NeuralProphet,NeuralProphet,4.365779443604559,Говядина,вырезка,Санкт-Петербург
72,2025-01-20,1715.24,NeuralProphet,NeuralProphet,4.365779443604559,Говядина,вырезка,Санкт-Петербург
73,2025-01-27,1776.13,NeuralProphet,NeuralProphet,4.365779443604559,Говядина,вырезка,Санкт-Петербург
74,2025-02-03,1778.74,NeuralProphet,NeuralProphet,4.365779443604559,Говядина,вырезка,Санкт-Петербург
75,2025-02-10,1740.12,NeuralProphet,NeuralProphet,4.365779443604559,Говядина,вырезка,Санкт-Петербург
76,2025-02-17,1720.55,NeuralProphet,NeuralProphet,4.365779443604559,Говядина,вырезка,Санкт-Петербург
77,2025-02-24,1682.04,NeuralProphet,NeuralProphet,4.365779443604559,Говядина,вырезка,Санкт-Петербург
78,2024-12-02,1866.38,NeuralProphet,NeuralProphet,9.661509507934827,Говядина,вырезка,УФО
79,2024-12-09,1847.05,NeuralProphet,NeuralProphet,9.661509507934827,Говядина,вырезка,УФО
80,2024-12-16,1851.74,NeuralProphet,NeuralProphet,9.661509507934827,Говядина,вырезка,УФО
81,2024-12-23,2003.54,NeuralProphet,NeuralProphet,9.661509507934827,Говядина,вырезка,УФО
82,2024-12-30,1998.94,NeuralProphet,NeuralProphet,9.661509507934827,Говядина,вырезка,УФО
83,2025-01-06,1931.43,NeuralProphet,NeuralProphet,9.661509507934827,Говядина,вырезка,УФО
84,2025-01-13,1917.02,NeuralProphet,NeuralProphet,9.661509507934827,Говядина,вырезка,УФО
85,2025-01-20,1927.49,NeuralProphet,NeuralProphet,9.661509507934827,Говядина,вырезка,УФО
86,2025-01-27,2028.76,NeuralProphet,NeuralProphet,9.661509507934827,Говядина,вырезка,УФО
87,2025-02-03,2052.4,NeuralProphet,NeuralProphet,9.661509507934827,Говядина,вырезка,УФО
88,2025-02-10,2064.26,NeuralProphet,NeuralProphet,9.661509507934827,Говядина,вырезка,УФО
89,2025-02-17,2060.26,NeuralProphet,NeuralProphet,9.661509507934827,Говядина,вырезка,УФО
90,2025-02-24,2046.19,NeuralProphet,NeuralProphet,9.661509507934827,Говядина,вырезка,УФО
91,2024-12-02,1830.87,NeuralProphet,NeuralProphet,9.387572761966712,Говядина,вырезка,ЦФО
92,2024-12-09,1843.35,NeuralProphet,NeuralProphet,9.387572761966712,Говядина,вырезка,ЦФО
93,2024-12-16,1865.15,NeuralProphet,NeuralProphet,9.387572761966712,Говядина,вырезка,ЦФО
94,2024-12-23,1943.97,NeuralProphet,NeuralProphet,9.387572761966712,Говядина,вырезка,ЦФО
95,2024-12-30,1929.16,NeuralProphet,NeuralProphet,9.387572761966712,Говядина,вырезка,ЦФО
96,2025-01-06,1903.16,NeuralProphet,NeuralProphet,9.387572761966712,Говядина,вырезка,ЦФО
97,2025-01-13,1922.22,NeuralProphet,NeuralProphet,9.387572761966712,Говядина,вырезка,ЦФО
98,2025-01-20,1943.07,NeuralProphet,NeuralProphet,9.387572761966712,Говядина,вырезка,ЦФО
99,2025-01-27,2049.98,NeuralProphet,NeuralProphet,9.387572761966712,Говядина,вырезка,ЦФО
100,2025-02-03,2079.46,NeuralProphet,NeuralProphet,9.387572761966712,Говядина,вырезка,ЦФО
101,2025-02-10,2087.68,NeuralProphet,NeuralProphet,9.387572761966712,Говядина,вырезка,ЦФО
102,2025-02-17,2075.4,NeuralProphet,NeuralProphet,9.387572761966712,Говядина,вырезка,ЦФО
103,2025-02-24,2067.3,NeuralProphet,NeuralProphet,9.387572761966712,Говядина,вырезка,ЦФО
104,2024-12-02,1529.57,NeuralProphet,NeuralProphet,10.094959649426846,Говядина,вырезка,ЮФО
105,2024-12-09,1548.78,NeuralProphet,NeuralProphet,10.094959649426846,Говядина,вырезка,ЮФО
106,2024-12-16,1565.58,NeuralProphet,NeuralProphet,10.094959649426846,Говядина,вырезка,ЮФО
107,2024-12-23,1647.5,NeuralProphet,NeuralProphet,10.094959649426846,Говядина,вырезка,ЮФО
108,2024-12-30,1637.38,NeuralProphet,NeuralProphet,10.094959649426846,Говядина,вырезка,ЮФО
109,2025-01-06,1579.47,NeuralProphet,NeuralProphet,10.094959649426846,Говядина,вырезка,ЮФО
110,2025-01-13,1586.58,NeuralProphet,NeuralProphet,10.094959649426846,Говядина,вырезка,ЮФО
111,2025-01-20,1590.53,NeuralProphet,NeuralProphet,10.094959649426846,Говядина,вырезка,ЮФО
112,2025-01-27,1662.81,NeuralProphet,NeuralProphet,10.094959649426846,Говядина,вырезка,ЮФО
113,2025-02-03,1656.17,NeuralProphet,NeuralProphet,10.094959649426846,Говядина,вырезка,ЮФО
114,2025-02-10,1627.13,NeuralProphet,NeuralProphet,10.094959649426846,Говядина,вырезка,ЮФО
115,2025-02-17,1584.69,NeuralProphet,NeuralProphet,10.094959649426846,Говядина,вырезка,ЮФО
116,2025-02-24,1550.71,NeuralProphet,NeuralProphet,10.094959649426846,Говядина,вырезка,ЮФО
117,2024-12-02,407.45,NeuralProphet,NeuralProphet,3.686278564903838,Говядина,полутуши,ВСЕ
118,2024-12-09,405.35,NeuralProphet,NeuralProphet,3.686278564903838,Говядина,полутуши,ВСЕ
119,2024-12-16,405.92,NeuralProphet,NeuralProphet,3.686278564903838,Говядина,полутуши,ВСЕ
120,2024-12-23,408.91,NeuralProphet,NeuralProphet,3.686278564903838,Говядина,полутуши,ВСЕ
121,2024-12-30,405.29,NeuralProphet,NeuralProphet,3.686278564903838,Говядина,полутуши,ВСЕ
122,2025-01-06,398.64,NeuralProphet,NeuralProphet,3.686278564903838,Говядина,полутуши,ВСЕ
123,2025-01-13,403.68,NeuralProphet,NeuralProphet,3.686278564903838,Говядина,полутуши,ВСЕ
124,2025-01-20,396.86,NeuralProphet,NeuralProphet,3.686278564903838,Говядина,полутуши,ВСЕ
125,2025-01-27,403.68,NeuralProphet,NeuralProphet,3.686278564903838,Говядина,полутуши,ВСЕ
126,2025-02-03,408.88,NeuralProphet,NeuralProphet,3.686278564903838,Говядина,полутуши,ВСЕ
127,2025-02-10,406.56,NeuralProphet,NeuralProphet,3.686278564903838,Говядина,полутуши,ВСЕ
128,2025-02-17,408.99,NeuralProphet,NeuralProphet,3.686278564903838,Говядина,полутуши,ВСЕ
129,2025-02-24,403.85,NeuralProphet,NeuralProphet,3.686278564903838,Говядина,полутуши,ВСЕ
130,2024-12-02,456.41,NeuralProphet,NeuralProphet,5.343625753011553,Говядина,полутуши,Москва
131,2024-12-09,451.98,NeuralProphet,NeuralProphet,5.343625753011553,Говядина,полутуши,Москва
132,2024-12-16,453.37,NeuralProphet,NeuralProphet,5.343625753011553,Говядина,полутуши,Москва
133,2024-12-23,452.89,NeuralProphet,NeuralProphet,5.343625753011553,Говядина,полутуши,Москва
134,2024-12-30,443.78,NeuralProphet,NeuralProphet,5.343625753011553,Говядина,полутуши,Москва
135,2025-01-06,435.86,NeuralProphet,NeuralProphet,5.343625753011553,Говядина,полутуши,Москва
136,2025-01-13,426.67,NeuralProphet,NeuralProphet,5.343625753011553,Говядина,полутуши,Москва
137,2025-01-20,415.07,NeuralProphet,NeuralProphet,5.343625753011553,Говядина,полутуши,Москва
138,2025-01-27,425.96,NeuralProphet,NeuralProphet,5.343625753011553,Говядина,полутуши,Москва
139,2025-02-03,434.29,NeuralProphet,NeuralProphet,5.343625753011553,Говядина,полутуши,Москва
140,2025-02-10,430.21,NeuralProphet,NeuralProphet,5.343625753011553,Говядина,полутуши,Москва
141,2025-02-17,423.77,NeuralProphet,NeuralProphet,5.343625753011553,Говядина,полутуши,Москва
142,2025-02-24,417.41,NeuralProphet,NeuralProphet,5.343625753011553,Говядина,полутуши,Москва
143,2024-12-02,402.51,NeuralProphet,NeuralProphet,3.303750009834681,Говядина,полутуши,ПФО
144,2024-12-09,382.94,NeuralProphet,NeuralProphet,3.303750009834681,Говядина,полутуши,ПФО
145,2024-12-16,381.45,NeuralProphet,NeuralProphet,3.303750009834681,Говядина,полутуши,ПФО
146,2024-12-23,390.75,NeuralProphet,NeuralProphet,3.303750009834681,Говядина,полутуши,ПФО
147,2024-12-30,388.81,NeuralProphet,NeuralProphet,3.303750009834681,Говядина,полутуши,ПФО
148,2025-01-06,391.73,NeuralProphet,NeuralProphet,3.303750009834681,Говядина,полутуши,ПФО
149,2025-01-13,397.83,NeuralProphet,NeuralProphet,3.303750009834681,Говядина,полутуши,ПФО
150,2025-01-20,383.84,NeuralProphet,NeuralProphet,3.303750009834681,Говядина,полутуши,ПФО
151,2025-01-27,392.98,NeuralProphet,NeuralProphet,3.303750009834681,Говядина,полутуши,ПФО
152,2025-02-03,398.38,NeuralProphet,NeuralProphet,3.303750009834681,Говядина,полутуши,ПФО
153,2025-02-10,400.52,NeuralProphet,NeuralProphet,3.303750009834681,Говядина,полутуши,ПФО
154,2025-02-17,399.65,NeuralProphet,NeuralProphet,3.303750009834681,Говядина,полутуши,ПФО
155,2025-02-24,389.86,NeuralProphet,NeuralProphet,3.303750009834681,Говядина,полутуши,ПФО
156,2024-12-02,338.87,NeuralProphet,NeuralProphet,5.045493960658632,Говядина,полутуши,СЗФО
157,2024-12-09,337.19,NeuralProphet,NeuralProphet,5.045493960658632,Говядина,полутуши,СЗФО
158,2024-12-16,341.05,NeuralProphet,NeuralProphet,5.045493960658632,Говядина,полутуши,СЗФО
159,2024-12-23,348.17,NeuralProphet,NeuralProphet,5.045493960658632,Говядина,полутуши,СЗФО
160,2024-12-30,344.54,NeuralProphet,NeuralProphet,5.045493960658632,Говядина,полутуши,СЗФО
161,2025-01-06,341.14,NeuralProphet,NeuralProphet,5.045493960658632,Говядина,полутуши,СЗФО
162,2025-01-13,341.35,NeuralProphet,NeuralProphet,5.045493960658632,Говядина,полутуши,СЗФО
163,2025-01-20,343.08,NeuralProphet,NeuralProphet,5.045493960658632,Говядина,полутуши,СЗФО
164,2025-01-27,350.31,NeuralProphet,NeuralProphet,5.045493960658632,Говядина,полутуши,СЗФО
165,2025-02-03,354.2,NeuralProphet,NeuralProphet,5.045493960658632,Говядина,полутуши,СЗФО
166,2025-02-10,354.96,NeuralProphet,NeuralProphet,5.045493960658632,Говядина,полутуши,СЗФО
167,2025-02-17,352.84,NeuralProphet,NeuralProphet,5.045493960658632,Говядина,полутуши,СЗФО
168,2025-02-24,351.01,NeuralProphet,NeuralProphet,5.045493960658632,Говядина,полутуши,СЗФО
169,2024-12-02,362.08,NeuralProphet,NeuralProphet,3.7374244219721193,Говядина,полутуши,СФО
170,2024-12-09,357.45,NeuralProphet,NeuralProphet,3.7374244219721193,Говядина,полутуши,СФО
171,2024-12-16,358.33,NeuralProphet,NeuralProphet,3.7374244219721193,Говядина,полутуши,СФО
172,2024-12-23,365.47,NeuralProphet,NeuralProphet,3.7374244219721193,Говядина,полутуши,СФО
173,2024-12-30,366.7,NeuralProphet,NeuralProphet,3.7374244219721193,Говядина,полутуши,СФО
174,2025-01-06,369.74,NeuralProphet,NeuralProphet,3.7374244219721193,Говядина,полутуши,СФО
175,2025-01-13,373.44,NeuralProphet,NeuralProphet,3.7374244219721193,Говядина,полутуши,СФО
176,2025-01-20,373.35,NeuralProphet,NeuralProphet,3.7374244219721193,Говядина,полутуши,СФО
177,2025-01-27,381.92,NeuralProphet,NeuralProphet,3.7374244219721193,Говядина,полутуши,СФО
178,2025-02-03,386.43,NeuralProphet,NeuralProphet,3.7374244219721193,Говядина,полутуши,СФО
179,2025-02-10,387.49,NeuralProphet,NeuralProphet,3.7374244219721193,Говядина,полутуши,СФО
180,2025-02-17,387.12,NeuralProphet,NeuralProphet,3.7374244219721193,Говядина,полутуши,СФО
181,2025-02-24,385.48,NeuralProphet,NeuralProphet,3.7374244219721193,Говядина,полутуши,СФО
182,2024-12-02,453.9,NeuralProphet,NeuralProphet,5.595545715375655,Говядина,полутуши,Санкт-Петербург
183,2024-12-09,439.58,NeuralProphet,NeuralProphet,5.595545715375655,Говядина,полутуши,Санкт-Петербург
184,2024-12-16,439.42,NeuralProphet,NeuralProphet,5.595545715375655,Говядина,полутуши,Санкт-Петербург
185,2024-12-23,455.08,NeuralProphet,NeuralProphet,5.595545715375655,Говядина,полутуши,Санкт-Петербург
186,2024-12-30,448.32,NeuralProphet,NeuralProphet,5.595545715375655,Говядина,полутуши,Санкт-Петербург
187,2025-01-06,451.58,NeuralProphet,NeuralProphet,5.595545715375655,Говядина,полутуши,Санкт-Петербург
188,2025-01-13,457.45,NeuralProphet,NeuralProphet,5.595545715375655,Говядина,полутуши,Санкт-Петербург
189,2025-01-20,446.04,NeuralProphet,NeuralProphet,5.595545715375655,Говядина,полутуши,Санкт-Петербург
190,2025-01-27,452.98,NeuralProphet,NeuralProphet,5.595545715375655,Говядина,полутуши,Санкт-Петербург
191,2025-02-03,467.85,NeuralProphet,NeuralProphet,5.595545715375655,Говядина,полутуши,Санкт-Петербург
192,2025-02-10,468.36,NeuralProphet,NeuralProphet,5.595545715375655,Говядина,полутуши,Санкт-Петербург
193,2025-02-17,465.34,NeuralProphet,NeuralProphet,5.595545715375655,Говядина,полутуши,Санкт-Петербург
194,2025-02-24,460.29,NeuralProphet,NeuralProphet,5.595545715375655,Говядина,полутуши,Санкт-Петербург
195,2024-12-02,370.04,NeuralProphet,NeuralProphet,7.0969267536163905,Говядина,полутуши,УФО
196,2024-12-09,367.32,NeuralProphet,NeuralProphet,7.0969267536163905,Говядина,полутуши,УФО
197,2024-12-16,366.16,NeuralProphet,NeuralProphet,7.0969267536163905,Говядина,полутуши,УФО
198,2024-12-23,370.92,NeuralProphet,NeuralProphet,7.0969267536163905,Говядина,полутуши,УФО
199,2024-12-30,367.53,NeuralProphet,NeuralProphet,7.0969267536163905,Говядина,полутуши,УФО
200,2025-01-06,364.05,NeuralProphet,NeuralProphet,7.0969267536163905,Говядина,полутуши,УФО
201,2025-01-13,366.53,NeuralProphet,NeuralProphet,7.0969267536163905,Говядина,полутуши,УФО
202,2025-01-20,361.15,NeuralProphet,NeuralProphet,7.0969267536163905,Говядина,полутуши,УФО
203,2025-01-27,366.56,NeuralProphet,NeuralProphet,7.0969267536163905,Говядина,полутуши,УФО
204,2025-02-03,370.72,NeuralProphet,NeuralProphet,7.0969267536163905,Говядина,полутуши,УФО
205,2025-02-10,372.79,NeuralProphet,NeuralProphet,7.0969267536163905,Говядина,полутуши,УФО
206,2025-02-17,372.92,NeuralProphet,NeuralProphet,7.0969267536163905,Говядина,полутуши,УФО
207,2025-02-24,370.05,NeuralProphet,NeuralProphet,7.0969267536163905,Говядина,полутуши,УФО
208,2024-12-02,451.85,NeuralProphet,NeuralProphet,3.10948240557919,Говядина,полутуши,ЦФО
209,2024-12-09,449.84,NeuralProphet,NeuralProphet,3.10948240557919,Говядина,полутуши,ЦФО
210,2024-12-16,446.24,NeuralProphet,NeuralProphet,3.10948240557919,Говядина,полутуши,ЦФО
211,2024-12-23,444.17,NeuralProphet,NeuralProphet,3.10948240557919,Говядина,полутуши,ЦФО
212,2024-12-30,445.41,NeuralProphet,NeuralProphet,3.10948240557919,Говядина,полутуши,ЦФО
213,2025-01-06,438.88,NeuralProphet,NeuralProphet,3.10948240557919,Говядина,полутуши,ЦФО
214,2025-01-13,424.49,NeuralProphet,NeuralProphet,3.10948240557919,Говядина,полутуши,ЦФО
215,2025-01-20,422.54,NeuralProphet,NeuralProphet,3.10948240557919,Говядина,полутуши,ЦФО
216,2025-01-27,433.56,NeuralProphet,NeuralProphet,3.10948240557919,Говядина,полутуши,ЦФО
217,2025-02-03,434.18,NeuralProphet,NeuralProphet,3.10948240557919,Говядина,полутуши,ЦФО
218,2025-02-10,430.06,NeuralProphet,NeuralProphet,3.10948240557919,Говядина,полутуши,ЦФО
219,2025-02-17,429.21,NeuralProphet,NeuralProphet,3.10948240557919,Говядина,полутуши,ЦФО
220,2025-02-24,428.99,NeuralProphet,NeuralProphet,3.10948240557919,Говядина,полутуши,ЦФО
221,2024-12-02,415.96,NeuralProphet,NeuralProphet,3.424327012711841,Говядина,полутуши,ЮФО
222,2024-12-09,416.59,NeuralProphet,NeuralProphet,3.424327012711841,Говядина,полутуши,ЮФО
223,2024-12-16,416.14,NeuralProphet,NeuralProphet,3.424327012711841,Говядина,полутуши,ЮФО
224,2024-12-23,426.63,NeuralProphet,NeuralProphet,3.424327012711841,Говядина,полутуши,ЮФО
225,2024-12-30,429.87,NeuralProphet,NeuralProphet,3.424327012711841,Говядина,полутуши,ЮФО
226,2025-01-06,424.55,NeuralProphet,NeuralProphet,3.424327012711841,Говядина,полутуши,ЮФО
227,2025-01-13,423.39,NeuralProphet,NeuralProphet,3.424327012711841,Говядина,полутуши,ЮФО
228,2025-01-20,427.09,NeuralProphet,NeuralProphet,3.424327012711841,Говядина,полутуши,ЮФО
229,2025-01-27,438.84,NeuralProphet,NeuralProphet,3.424327012711841,Говядина,полутуши,ЮФО
230,2025-02-03,444.43,NeuralProphet,NeuralProphet,3.424327012711841,Говядина,полутуши,ЮФО
231,2025-02-10,447.36,NeuralProphet,NeuralProphet,3.424327012711841,Говядина,полутуши,ЮФО
232,2025-02-17,447.73,NeuralProphet,NeuralProphet,3.424327012711841,Говядина,полутуши,ЮФО
233,2025-02-24,447.78,NeuralProphet,NeuralProphet,3.424327012711841,Говядина,полутуши,ЮФО
234,2024-12-02,210.02,NeuralProphet,NeuralProphet,8.084558039559134,Кура,тушка,ВСЕ
235,2024-12-09,194.24,NeuralProphet,NeuralProphet,8.084558039559134,Кура,тушка,ВСЕ
236,2024-12-16,196.69,NeuralProphet,NeuralProphet,8.084558039559134,Кура,тушка,ВСЕ
237,2024-12-23,201.82,NeuralProphet,NeuralProphet,8.084558039559134,Кура,тушка,ВСЕ
238,2024-12-30,204.06,NeuralProphet,NeuralProphet,8.084558039559134,Кура,тушка,ВСЕ
239,2025-01-06,206.2,NeuralProphet,NeuralProphet,8.084558039559134,Кура,тушка,ВСЕ
240,2025-01-13,213.6,NeuralProphet,NeuralProphet,8.084558039559134,Кура,тушка,ВСЕ
241,2025-01-20,195.34,NeuralProphet,NeuralProphet,8.084558039559134,Кура,тушка,ВСЕ
242,2025-01-27,203.56,NeuralProphet,NeuralProphet,8.084558039559134,Кура,тушка,ВСЕ
243,2025-02-03,208.43,NeuralProphet,NeuralProphet,8.084558039559134,Кура,тушка,ВСЕ
244,2025-02-10,218.0,NeuralProphet,NeuralProphet,8.084558039559134,Кура,тушка,ВСЕ
245,2025-02-17,218.9,NeuralProphet,NeuralProphet,8.084558039559134,Кура,тушка,ВСЕ
246,2025-02-24,214.43,NeuralProphet,NeuralProphet,8.084558039559134,Кура,тушка,ВСЕ
247,2024-12-02,212.95,NeuralProphet,NeuralProphet,10.407437721719866,Кура,тушка,Москва
248,2024-12-09,187.36,NeuralProphet,NeuralProphet,10.407437721719866,Кура,тушка,Москва
249,2024-12-16,193.23,NeuralProphet,NeuralProphet,10.407437721719866,Кура,тушка,Москва
250,2024-12-23,191.48,NeuralProphet,NeuralProphet,10.407437721719866,Кура,тушка,Москва
251,2024-12-30,198.49,NeuralProphet,NeuralProphet,10.407437721719866,Кура,тушка,Москва
252,2025-01-06,200.4,NeuralProphet,NeuralProphet,10.407437721719866,Кура,тушка,Москва
253,2025-01-13,209.08,NeuralProphet,NeuralProphet,10.407437721719866,Кура,тушка,Москва
254,2025-01-20,185.01,NeuralProphet,NeuralProphet,10.407437721719866,Кура,тушка,Москва
255,2025-01-27,189.98,NeuralProphet,NeuralProphet,10.407437721719866,Кура,тушка,Москва
256,2025-02-03,200.53,NeuralProphet,NeuralProphet,10.407437721719866,Кура,тушка,Москва
257,2025-02-10,208.12,NeuralProphet,NeuralProphet,10.407437721719866,Кура,тушка,Москва
258,2025-02-17,211.22,NeuralProphet,NeuralProphet,10.407437721719866,Кура,тушка,Москва
259,2025-02-24,201.55,NeuralProphet,NeuralProphet,10.407437721719866,Кура,тушка,Москва
260,2024-12-02,213.21,NeuralProphet,NeuralProphet,6.855886443441966,Кура,тушка,ПФО
261,2024-12-09,207.69,NeuralProphet,NeuralProphet,6.855886443441966,Кура,тушка,ПФО
262,2024-12-16,208.49,NeuralProphet,NeuralProphet,6.855886443441966,Кура,тушка,ПФО
263,2024-12-23,213.32,NeuralProphet,NeuralProphet,6.855886443441966,Кура,тушка,ПФО
264,2024-12-30,208.68,NeuralProphet,NeuralProphet,6.855886443441966,Кура,тушка,ПФО
265,2025-01-06,208.05,NeuralProphet,NeuralProphet,6.855886443441966,Кура,тушка,ПФО
266,2025-01-13,214.97,NeuralProphet,NeuralProphet,6.855886443441966,Кура,тушка,ПФО
267,2025-01-20,203.76,NeuralProphet,NeuralProphet,6.855886443441966,Кура,тушка,ПФО
268,2025-01-27,209.55,NeuralProphet,NeuralProphet,6.855886443441966,Кура,тушка,ПФО
269,2025-02-03,214.03,NeuralProphet,NeuralProphet,6.855886443441966,Кура,тушка,ПФО
270,2025-02-10,216.61,NeuralProphet,NeuralProphet,6.855886443441966,Кура,тушка,ПФО
271,2025-02-17,218.01,NeuralProphet,NeuralProphet,6.855886443441966,Кура,тушка,ПФО
272,2025-02-24,213.42,NeuralProphet,NeuralProphet,6.855886443441966,Кура,тушка,ПФО
273,2024-12-02,191.25,NeuralProphet,NeuralProphet,18.61794227092996,Кура,тушка,СЗФО
274,2024-12-09,181.6,NeuralProphet,NeuralProphet,18.61794227092996,Кура,тушка,СЗФО
275,2024-12-16,184.7,NeuralProphet,NeuralProphet,18.61794227092996,Кура,тушка,СЗФО
276,2024-12-23,206.84,NeuralProphet,NeuralProphet,18.61794227092996,Кура,тушка,СЗФО
277,2024-12-30,207.71,NeuralProphet,NeuralProphet,18.61794227092996,Кура,тушка,СЗФО
278,2025-01-06,206.68,NeuralProphet,NeuralProphet,18.61794227092996,Кура,тушка,СЗФО
279,2025-01-13,214.9,NeuralProphet,NeuralProphet,18.61794227092996,Кура,тушка,СЗФО
280,2025-01-20,211.45,NeuralProphet,NeuralProphet,18.61794227092996,Кура,тушка,СЗФО
281,2025-01-27,230.95,NeuralProphet,NeuralProphet,18.61794227092996,Кура,тушка,СЗФО
282,2025-02-03,242.72,NeuralProphet,NeuralProphet,18.61794227092996,Кура,тушка,СЗФО
283,2025-02-10,247.04,NeuralProphet,NeuralProphet,18.61794227092996,Кура,тушка,СЗФО
284,2025-02-17,243.77,NeuralProphet,NeuralProphet,18.61794227092996,Кура,тушка,СЗФО
285,2025-02-24,236.97,NeuralProphet,NeuralProphet,18.61794227092996,Кура,тушка,СЗФО
286,2024-12-02,215.17,NeuralProphet,NeuralProphet,6.7131952485415765,Кура,тушка,СФО
287,2024-12-09,213.47,NeuralProphet,NeuralProphet,6.7131952485415765,Кура,тушка,СФО
288,2024-12-16,212.96,NeuralProphet,NeuralProphet,6.7131952485415765,Кура,тушка,СФО
289,2024-12-23,219.6,NeuralProphet,NeuralProphet,6.7131952485415765,Кура,тушка,СФО
290,2024-12-30,216.77,NeuralProphet,NeuralProphet,6.7131952485415765,Кура,тушка,СФО
291,2025-01-06,211.12,NeuralProphet,NeuralProphet,6.7131952485415765,Кура,тушка,СФО
292,2025-01-13,215.13,NeuralProphet,NeuralProphet,6.7131952485415765,Кура,тушка,СФО
293,2025-01-20,206.61,NeuralProphet,NeuralProphet,6.7131952485415765,Кура,тушка,СФО
294,2025-01-27,214.93,NeuralProphet,NeuralProphet,6.7131952485415765,Кура,тушка,СФО
295,2025-02-03,218.62,NeuralProphet,NeuralProphet,6.7131952485415765,Кура,тушка,СФО
296,2025-02-10,222.05,NeuralProphet,NeuralProphet,6.7131952485415765,Кура,тушка,СФО
297,2025-02-17,222.54,NeuralProphet,NeuralProphet,6.7131952485415765,Кура,тушка,СФО
298,2025-02-24,218.77,NeuralProphet,NeuralProphet,6.7131952485415765,Кура,тушка,СФО
299,2024-12-02,223.76,NeuralProphet,NeuralProphet,10.849205702614384,Кура,тушка,Санкт-Петербург
300,2024-12-09,217.47,NeuralProphet,NeuralProphet,10.849205702614384,Кура,тушка,Санкт-Петербург
301,2024-12-16,211.38,NeuralProphet,NeuralProphet,10.849205702614384,Кура,тушка,Санкт-Петербург
302,2024-12-23,223.0,NeuralProphet,NeuralProphet,10.849205702614384,Кура,тушка,Санкт-Петербург
303,2024-12-30,215.44,NeuralProphet,NeuralProphet,10.849205702614384,Кура,тушка,Санкт-Петербург
304,2025-01-06,208.8,NeuralProphet,NeuralProphet,10.849205702614384,Кура,тушка,Санкт-Петербург
305,2025-01-13,217.7,NeuralProphet,NeuralProphet,10.849205702614384,Кура,тушка,Санкт-Петербург
306,2025-01-20,206.25,NeuralProphet,NeuralProphet,10.849205702614384,Кура,тушка,Санкт-Петербург
307,2025-01-27,217.48,NeuralProphet,NeuralProphet,10.849205702614384,Кура,тушка,Санкт-Петербург
308,2025-02-03,225.09,NeuralProphet,NeuralProphet,10.849205702614384,Кура,тушка,Санкт-Петербург
309,2025-02-10,227.5,NeuralProphet,NeuralProphet,10.849205702614384,Кура,тушка,Санкт-Петербург
310,2025-02-17,232.02,NeuralProphet,NeuralProphet,10.849205702614384,Кура,тушка,Санкт-Петербург
311,2025-02-24,227.04,NeuralProphet,NeuralProphet,10.849205702614384,Кура,тушка,Санкт-Петербург
312,2024-12-02,193.45,NeuralProphet,NeuralProphet,12.128373660100735,Кура,тушка,УФО
313,2024-12-09,185.26,NeuralProphet,NeuralProphet,12.128373660100735,Кура,тушка,УФО
314,2024-12-16,182.4,NeuralProphet,NeuralProphet,12.128373660100735,Кура,тушка,УФО
315,2024-12-23,186.15,NeuralProphet,NeuralProphet,12.128373660100735,Кура,тушка,УФО
316,2024-12-30,185.36,NeuralProphet,NeuralProphet,12.128373660100735,Кура,тушка,УФО
317,2025-01-06,187.28,NeuralProphet,NeuralProphet,12.128373660100735,Кура,тушка,УФО
318,2025-01-13,191.29,NeuralProphet,NeuralProphet,12.128373660100735,Кура,тушка,УФО
319,2025-01-20,180.03,NeuralProphet,NeuralProphet,12.128373660100735,Кура,тушка,УФО
320,2025-01-27,186.92,NeuralProphet,NeuralProphet,12.128373660100735,Кура,тушка,УФО
321,2025-02-03,190.42,NeuralProphet,NeuralProphet,12.128373660100735,Кура,тушка,УФО
322,2025-02-10,192.84,NeuralProphet,NeuralProphet,12.128373660100735,Кура,тушка,УФО
323,2025-02-17,192.84,NeuralProphet,NeuralProphet,12.128373660100735,Кура,тушка,УФО
324,2025-02-24,188.36,NeuralProphet,NeuralProphet,12.128373660100735,Кура,тушка,УФО
325,2024-12-02,223.85,NeuralProphet,NeuralProphet,5.638848232682601,Кура,тушка,ЦФО
326,2024-12-09,221.24,NeuralProphet,NeuralProphet,5.638848232682601,Кура,тушка,ЦФО
327,2024-12-16,221.22,NeuralProphet,NeuralProphet,5.638848232682601,Кура,тушка,ЦФО
328,2024-12-23,225.02,NeuralProphet,NeuralProphet,5.638848232682601,Кура,тушка,ЦФО
329,2024-12-30,225.31,NeuralProphet,NeuralProphet,5.638848232682601,Кура,тушка,ЦФО
330,2025-01-06,228.96,NeuralProphet,NeuralProphet,5.638848232682601,Кура,тушка,ЦФО
331,2025-01-13,233.16,NeuralProphet,NeuralProphet,5.638848232682601,Кура,тушка,ЦФО
332,2025-01-20,222.49,NeuralProphet,NeuralProphet,5.638848232682601,Кура,тушка,ЦФО
333,2025-01-27,226.0,NeuralProphet,NeuralProphet,5.638848232682601,Кура,тушка,ЦФО
334,2025-02-03,235.04,NeuralProphet,NeuralProphet,5.638848232682601,Кура,тушка,ЦФО
335,2025-02-10,241.33,NeuralProphet,NeuralProphet,5.638848232682601,Кура,тушка,ЦФО
336,2025-02-17,243.42,NeuralProphet,NeuralProphet,5.638848232682601,Кура,тушка,ЦФО
337,2025-02-24,242.66,NeuralProphet,NeuralProphet,5.638848232682601,Кура,тушка,ЦФО
338,2024-12-02,183.19,NeuralProphet,NeuralProphet,16.137252408096064,Кура,тушка,ЮФО
339,2024-12-09,178.87,NeuralProphet,NeuralProphet,16.137252408096064,Кура,тушка,ЮФО
340,2024-12-16,177.28,NeuralProphet,NeuralProphet,16.137252408096064,Кура,тушка,ЮФО
341,2024-12-23,187.83,NeuralProphet,NeuralProphet,16.137252408096064,Кура,тушка,ЮФО
342,2024-12-30,181.57,NeuralProphet,NeuralProphet,16.137252408096064,Кура,тушка,ЮФО
343,2025-01-06,184.76,NeuralProphet,NeuralProphet,16.137252408096064,Кура,тушка,ЮФО
344,2025-01-13,196.39,NeuralProphet,NeuralProphet,16.137252408096064,Кура,тушка,ЮФО
345,2025-01-20,178.07,NeuralProphet,NeuralProphet,16.137252408096064,Кура,тушка,ЮФО
346,2025-01-27,192.96,NeuralProphet,NeuralProphet,16.137252408096064,Кура,тушка,ЮФО
347,2025-02-03,203.29,NeuralProphet,NeuralProphet,16.137252408096064,Кура,тушка,ЮФО
348,2025-02-10,209.93,NeuralProphet,NeuralProphet,16.137252408096064,Кура,тушка,ЮФО
349,2025-02-17,212.49,NeuralProphet,NeuralProphet,16.137252408096064,Кура,тушка,ЮФО
350,2025-02-24,207.12,NeuralProphet,NeuralProphet,16.137252408096064,Кура,тушка,ЮФО
351,2024-12-02,356.37,NeuralProphet,NeuralProphet,5.319693267781251,Кура,филе бедра,ВСЕ
352,2024-12-09,336.02,NeuralProphet,NeuralProphet,5.319693267781251,Кура,филе бедра,ВСЕ
353,2024-12-16,338.72,NeuralProphet,NeuralProphet,5.319693267781251,Кура,филе бедра,ВСЕ
354,2024-12-23,345.78,NeuralProphet,NeuralProphet,5.319693267781251,Кура,филе бедра,ВСЕ
355,2024-12-30,349.63,NeuralProphet,NeuralProphet,5.319693267781251,Кура,филе бедра,ВСЕ
356,2025-01-06,358.66,NeuralProphet,NeuralProphet,5.319693267781251,Кура,филе бедра,ВСЕ
357,2025-01-13,363.5,NeuralProphet,NeuralProphet,5.319693267781251,Кура,филе бедра,ВСЕ
358,2025-01-20,343.92,NeuralProphet,NeuralProphet,5.319693267781251,Кура,филе бедра,ВСЕ
359,2025-01-27,355.84,NeuralProphet,NeuralProphet,5.319693267781251,Кура,филе бедра,ВСЕ
360,2025-02-03,370.51,NeuralProphet,NeuralProphet,5.319693267781251,Кура,филе бедра,ВСЕ
361,2025-02-10,377.8,NeuralProphet,NeuralProphet,5.319693267781251,Кура,филе бедра,ВСЕ
362,2025-02-17,377.81,NeuralProphet,NeuralProphet,5.319693267781251,Кура,филе бедра,ВСЕ
363,2025-02-24,371.22,NeuralProphet,NeuralProphet,5.319693267781251,Кура,филе бедра,ВСЕ
364,2024-12-02,379.58,NeuralProphet,NeuralProphet,4.892838869752126,Кура,филе бедра,Москва
365,2024-12-09,376.51,NeuralProphet,NeuralProphet,4.892838869752126,Кура,филе бедра,Москва
366,2024-12-16,377.96,NeuralProphet,NeuralProphet,4.892838869752126,Кура,филе бедра,Москва
367,2024-12-23,389.52,NeuralProphet,NeuralProphet,4.892838869752126,Кура,филе бедра,Москва
368,2024-12-30,385.26,NeuralProphet,NeuralProphet,4.892838869752126,Кура,филе бедра,Москва
369,2025-01-06,393.47,NeuralProphet,NeuralProphet,4.892838869752126,Кура,филе бедра,Москва
370,2025-01-13,397.58,NeuralProphet,NeuralProphet,4.892838869752126,Кура,филе бедра,Москва
371,2025-01-20,389.2,NeuralProphet,NeuralProphet,4.892838869752126,Кура,филе бедра,Москва
372,2025-01-27,405.29,NeuralProphet,NeuralProphet,4.892838869752126,Кура,филе бедра,Москва
373,2025-02-03,421.79,NeuralProphet,NeuralProphet,4.892838869752126,Кура,филе бедра,Москва
374,2025-02-10,433.92,NeuralProphet,NeuralProphet,4.892838869752126,Кура,филе бедра,Москва
375,2025-02-17,432.06,NeuralProphet,NeuralProphet,4.892838869752126,Кура,филе бедра,Москва
376,2025-02-24,436.24,NeuralProphet,NeuralProphet,4.892838869752126,Кура,филе бедра,Москва
377,2024-12-02,374.24,NeuralProphet,NeuralProphet,9.897684861188702,Кура,филе бедра,ПФО
378,2024-12-09,373.93,NeuralProphet,NeuralProphet,9.897684861188702,Кура,филе бедра,ПФО
379,2024-12-16,371.92,NeuralProphet,NeuralProphet,9.897684861188702,Кура,филе бедра,ПФО
380,2024-12-23,383.66,NeuralProphet,NeuralProphet,9.897684861188702,Кура,филе бедра,ПФО
381,2024-12-30,379.5,NeuralProphet,NeuralProphet,9.897684861188702,Кура,филе бедра,ПФО
382,2025-01-06,369.12,NeuralProphet,NeuralProphet,9.897684861188702,Кура,филе бедра,ПФО
383,2025-01-13,375.33,NeuralProphet,NeuralProphet,9.897684861188702,Кура,филе бедра,ПФО
384,2025-01-20,371.3,NeuralProphet,NeuralProphet,9.897684861188702,Кура,филе бедра,ПФО
385,2025-01-27,387.88,NeuralProphet,NeuralProphet,9.897684861188702,Кура,филе бедра,ПФО
386,2025-02-03,395.67,NeuralProphet,NeuralProphet,9.897684861188702,Кура,филе бедра,ПФО
387,2025-02-10,397.08,NeuralProphet,NeuralProphet,9.897684861188702,Кура,филе бедра,ПФО
388,2025-02-17,392.62,NeuralProphet,NeuralProphet,9.897684861188702,Кура,филе бедра,ПФО
389,2025-02-24,387.3,NeuralProphet,NeuralProphet,9.897684861188702,Кура,филе бедра,ПФО
390,2024-12-02,430.77,NeuralProphet,NeuralProphet,6.225108444463175,Кура,филе бедра,СЗФО
391,2024-12-09,431.25,NeuralProphet,NeuralProphet,6.225108444463175,Кура,филе бедра,СЗФО
392,2024-12-16,432.4,NeuralProphet,NeuralProphet,6.225108444463175,Кура,филе бедра,СЗФО
393,2024-12-23,448.16,NeuralProphet,NeuralProphet,6.225108444463175,Кура,филе бедра,СЗФО
394,2024-12-30,446.16,NeuralProphet,NeuralProphet,6.225108444463175,Кура,филе бедра,СЗФО
395,2025-01-06,443.88,NeuralProphet,NeuralProphet,6.225108444463175,Кура,филе бедра,СЗФО
396,2025-01-13,435.77,NeuralProphet,NeuralProphet,6.225108444463175,Кура,филе бедра,СЗФО
397,2025-01-20,440.62,NeuralProphet,NeuralProphet,6.225108444463175,Кура,филе бедра,СЗФО
398,2025-01-27,459.08,NeuralProphet,NeuralProphet,6.225108444463175,Кура,филе бедра,СЗФО
399,2025-02-03,466.27,NeuralProphet,NeuralProphet,6.225108444463175,Кура,филе бедра,СЗФО
400,2025-02-10,468.11,NeuralProphet,NeuralProphet,6.225108444463175,Кура,филе бедра,СЗФО
401,2025-02-17,464.38,NeuralProphet,NeuralProphet,6.225108444463175,Кура,филе бедра,СЗФО
402,2025-02-24,467.31,NeuralProphet,NeuralProphet,6.225108444463175,Кура,филе бедра,СЗФО
403,2024-12-02,349.23,NeuralProphet,NeuralProphet,2.535559733942729,Кура,филе бедра,СФО
404,2024-12-09,347.35,NeuralProphet,NeuralProphet,2.535559733942729,Кура,филе бедра,СФО
405,2024-12-16,348.41,NeuralProphet,NeuralProphet,2.535559733942729,Кура,филе бедра,СФО
406,2024-12-23,358.18,NeuralProphet,NeuralProphet,2.535559733942729,Кура,филе бедра,СФО
407,2024-12-30,354.03,NeuralProphet,NeuralProphet,2.535559733942729,Кура,филе бедра,СФО
408,2025-01-06,345.28,NeuralProphet,NeuralProphet,2.535559733942729,Кура,филе бедра,СФО
409,2025-01-13,346.61,NeuralProphet,NeuralProphet,2.535559733942729,Кура,филе бедра,СФО
410,2025-01-20,346.99,NeuralProphet,NeuralProphet,2.535559733942729,Кура,филе бедра,СФО
411,2025-01-27,356.8,NeuralProphet,NeuralProphet,2.535559733942729,Кура,филе бедра,СФО
412,2025-02-03,360.71,NeuralProphet,NeuralProphet,2.535559733942729,Кура,филе бедра,СФО
413,2025-02-10,359.53,NeuralProphet,NeuralProphet,2.535559733942729,Кура,филе бедра,СФО
414,2025-02-17,354.71,NeuralProphet,NeuralProphet,2.535559733942729,Кура,филе бедра,СФО
415,2025-02-24,350.42,NeuralProphet,NeuralProphet,2.535559733942729,Кура,филе бедра,СФО
416,2024-12-02,371.36,NeuralProphet,NeuralProphet,5.731757973973342,Кура,филе бедра,Санкт-Петербург
417,2024-12-09,363.61,NeuralProphet,NeuralProphet,5.731757973973342,Кура,филе бедра,Санкт-Петербург
418,2024-12-16,362.58,NeuralProphet,NeuralProphet,5.731757973973342,Кура,филе бедра,Санкт-Петербург
419,2024-12-23,375.79,NeuralProphet,NeuralProphet,5.731757973973342,Кура,филе бедра,Санкт-Петербург
420,2024-12-30,373.6,NeuralProphet,NeuralProphet,5.731757973973342,Кура,филе бедра,Санкт-Петербург
421,2025-01-06,376.02,NeuralProphet,NeuralProphet,5.731757973973342,Кура,филе бедра,Санкт-Петербург
422,2025-01-13,385.15,NeuralProphet,NeuralProphet,5.731757973973342,Кура,филе бедра,Санкт-Петербург
423,2025-01-20,381.99,NeuralProphet,NeuralProphet,5.731757973973342,Кура,филе бедра,Санкт-Петербург
424,2025-01-27,394.35,NeuralProphet,NeuralProphet,5.731757973973342,Кура,филе бедра,Санкт-Петербург
425,2025-02-03,400.85,NeuralProphet,NeuralProphet,5.731757973973342,Кура,филе бедра,Санкт-Петербург
426,2025-02-10,400.96,NeuralProphet,NeuralProphet,5.731757973973342,Кура,филе бедра,Санкт-Петербург
427,2025-02-17,401.05,NeuralProphet,NeuralProphet,5.731757973973342,Кура,филе бедра,Санкт-Петербург
428,2025-02-24,398.49,NeuralProphet,NeuralProphet,5.731757973973342,Кура,филе бедра,Санкт-Петербург
429,2024-12-02,357.74,NeuralProphet,NeuralProphet,5.078137139834847,Кура,филе бедра,УФО
430,2024-12-09,338.15,NeuralProphet,NeuralProphet,5.078137139834847,Кура,филе бедра,УФО
431,2024-12-16,335.94,NeuralProphet,NeuralProphet,5.078137139834847,Кура,филе бедра,УФО
432,2024-12-23,347.23,NeuralProphet,NeuralProphet,5.078137139834847,Кура,филе бедра,УФО
433,2024-12-30,341.11,NeuralProphet,NeuralProphet,5.078137139834847,Кура,филе бедра,УФО
434,2025-01-06,344.6,NeuralProphet,NeuralProphet,5.078137139834847,Кура,филе бедра,УФО
435,2025-01-13,352.29,NeuralProphet,NeuralProphet,5.078137139834847,Кура,филе бедра,УФО
436,2025-01-20,332.89,NeuralProphet,NeuralProphet,5.078137139834847,Кура,филе бедра,УФО
437,2025-01-27,343.49,NeuralProphet,NeuralProphet,5.078137139834847,Кура,филе бедра,УФО
438,2025-02-03,351.28,NeuralProphet,NeuralProphet,5.078137139834847,Кура,филе бедра,УФО
439,2025-02-10,354.8,NeuralProphet,NeuralProphet,5.078137139834847,Кура,филе бедра,УФО
440,2025-02-17,353.82,NeuralProphet,NeuralProphet,5.078137139834847,Кура,филе бедра,УФО
441,2025-02-24,344.37,NeuralProphet,NeuralProphet,5.078137139834847,Кура,филе бедра,УФО
442,2024-12-02,339.56,NeuralProphet,NeuralProphet,8.409457604273452,Кура,филе бедра,ЦФО
443,2024-12-09,327.86,NeuralProphet,NeuralProphet,8.409457604273452,Кура,филе бедра,ЦФО
444,2024-12-16,328.57,NeuralProphet,NeuralProphet,8.409457604273452,Кура,филе бедра,ЦФО
445,2024-12-23,340.82,NeuralProphet,NeuralProphet,8.409457604273452,Кура,филе бедра,ЦФО
446,2024-12-30,339.17,NeuralProphet,NeuralProphet,8.409457604273452,Кура,филе бедра,ЦФО
447,2025-01-06,342.31,NeuralProphet,NeuralProphet,8.409457604273452,Кура,филе бедра,ЦФО
448,2025-01-13,350.8,NeuralProphet,NeuralProphet,8.409457604273452,Кура,филе бедра,ЦФО
449,2025-01-20,329.31,NeuralProphet,NeuralProphet,8.409457604273452,Кура,филе бедра,ЦФО
450,2025-01-27,337.86,NeuralProphet,NeuralProphet,8.409457604273452,Кура,филе бедра,ЦФО
451,2025-02-03,349.02,NeuralProphet,NeuralProphet,8.409457604273452,Кура,филе бедра,ЦФО
452,2025-02-10,360.61,NeuralProphet,NeuralProphet,8.409457604273452,Кура,филе бедра,ЦФО
453,2025-02-17,363.8,NeuralProphet,NeuralProphet,8.409457604273452,Кура,филе бедра,ЦФО
454,2025-02-24,357.06,NeuralProphet,NeuralProphet,8.409457604273452,Кура,филе бедра,ЦФО
455,2024-12-02,407.13,NeuralProphet,NeuralProphet,6.0868529109976475,Кура,филе бедра,ЮФО
456,2024-12-09,406.46,NeuralProphet,NeuralProphet,6.0868529109976475,Кура,филе бедра,ЮФО
457,2024-12-16,404.54,NeuralProphet,NeuralProphet,6.0868529109976475,Кура,филе бедра,ЮФО
458,2024-12-23,412.18,NeuralProphet,NeuralProphet,6.0868529109976475,Кура,филе бедра,ЮФО
459,2024-12-30,409.54,NeuralProphet,NeuralProphet,6.0868529109976475,Кура,филе бедра,ЮФО
460,2025-01-06,408.58,NeuralProphet,NeuralProphet,6.0868529109976475,Кура,филе бедра,ЮФО
461,2025-01-13,402.82,NeuralProphet,NeuralProphet,6.0868529109976475,Кура,филе бедра,ЮФО
462,2025-01-20,399.07,NeuralProphet,NeuralProphet,6.0868529109976475,Кура,филе бедра,ЮФО
463,2025-01-27,413.16,NeuralProphet,NeuralProphet,6.0868529109976475,Кура,филе бедра,ЮФО
464,2025-02-03,424.75,NeuralProphet,NeuralProphet,6.0868529109976475,Кура,филе бедра,ЮФО
465,2025-02-10,430.95,NeuralProphet,NeuralProphet,6.0868529109976475,Кура,филе бедра,ЮФО
466,2025-02-17,430.61,NeuralProphet,NeuralProphet,6.0868529109976475,Кура,филе бедра,ЮФО
467,2025-02-24,434.94,NeuralProphet,NeuralProphet,6.0868529109976475,Кура,филе бедра,ЮФО
468,2024-12-02,304.65,NeuralProphet,NeuralProphet,4.445573727190819,Свинина,лопатка,ВСЕ
469,2024-12-09,304.89,NeuralProphet,NeuralProphet,4.445573727190819,Свинина,лопатка,ВСЕ
470,2024-12-16,303.7,NeuralProphet,NeuralProphet,4.445573727190819,Свинина,лопатка,ВСЕ
471,2024-12-23,310.24,NeuralProphet,NeuralProphet,4.445573727190819,Свинина,лопатка,ВСЕ
472,2024-12-30,307.15,NeuralProphet,NeuralProphet,4.445573727190819,Свинина,лопатка,ВСЕ
473,2025-01-06,304.8,NeuralProphet,NeuralProphet,4.445573727190819,Свинина,лопатка,ВСЕ
474,2025-01-13,304.72,NeuralProphet,NeuralProphet,4.445573727190819,Свинина,лопатка,ВСЕ
475,2025-01-20,300.99,NeuralProphet,NeuralProphet,4.445573727190819,Свинина,лопатка,ВСЕ
476,2025-01-27,311.17,NeuralProphet,NeuralProphet,4.445573727190819,Свинина,лопатка,ВСЕ
477,2025-02-03,314.83,NeuralProphet,NeuralProphet,4.445573727190819,Свинина,лопатка,ВСЕ
478,2025-02-10,317.03,NeuralProphet,NeuralProphet,4.445573727190819,Свинина,лопатка,ВСЕ
479,2025-02-17,317.78,NeuralProphet,NeuralProphet,4.445573727190819,Свинина,лопатка,ВСЕ
480,2025-02-24,316.73,NeuralProphet,NeuralProphet,4.445573727190819,Свинина,лопатка,ВСЕ
481,2024-12-02,293.79,NeuralProphet,NeuralProphet,4.604146753144361,Свинина,лопатка,Москва
482,2024-12-09,291.09,NeuralProphet,NeuralProphet,4.604146753144361,Свинина,лопатка,Москва
483,2024-12-16,294.75,NeuralProphet,NeuralProphet,4.604146753144361,Свинина,лопатка,Москва
484,2024-12-23,303.64,NeuralProphet,NeuralProphet,4.604146753144361,Свинина,лопатка,Москва
485,2024-12-30,300.82,NeuralProphet,NeuralProphet,4.604146753144361,Свинина,лопатка,Москва
486,2025-01-06,297.83,NeuralProphet,NeuralProphet,4.604146753144361,Свинина,лопатка,Москва
487,2025-01-13,303.99,NeuralProphet,NeuralProphet,4.604146753144361,Свинина,лопатка,Москва
488,2025-01-20,296.54,NeuralProphet,NeuralProphet,4.604146753144361,Свинина,лопатка,Москва
489,2025-01-27,306.16,NeuralProphet,NeuralProphet,4.604146753144361,Свинина,лопатка,Москва
490,2025-02-03,312.69,NeuralProphet,NeuralProphet,4.604146753144361,Свинина,лопатка,Москва
491,2025-02-10,317.46,NeuralProphet,NeuralProphet,4.604146753144361,Свинина,лопатка,Москва
492,2025-02-17,316.95,NeuralProphet,NeuralProphet,4.604146753144361,Свинина,лопатка,Москва
493,2025-02-24,314.78,NeuralProphet,NeuralProphet,4.604146753144361,Свинина,лопатка,Москва
494,2024-12-02,339.26,NeuralProphet,NeuralProphet,8.54126455672003,Свинина,лопатка,ПФО
495,2024-12-09,340.49,NeuralProphet,NeuralProphet,8.54126455672003,Свинина,лопатка,ПФО
496,2024-12-16,340.95,NeuralProphet,NeuralProphet,8.54126455672003,Свинина,лопатка,ПФО
497,2024-12-23,348.58,NeuralProphet,NeuralProphet,8.54126455672003,Свинина,лопатка,ПФО
498,2024-12-30,345.31,NeuralProphet,NeuralProphet,8.54126455672003,Свинина,лопатка,ПФО
499,2025-01-06,346.1,NeuralProphet,NeuralProphet,8.54126455672003,Свинина,лопатка,ПФО
500,2025-01-13,339.6,NeuralProphet,NeuralProphet,8.54126455672003,Свинина,лопатка,ПФО
501,2025-01-20,339.49,NeuralProphet,NeuralProphet,8.54126455672003,Свинина,лопатка,ПФО
502,2025-01-27,348.87,NeuralProphet,NeuralProphet,8.54126455672003,Свинина,лопатка,ПФО
503,2025-02-03,354.33,NeuralProphet,NeuralProphet,8.54126455672003,Свинина,лопатка,ПФО
504,2025-02-10,356.05,NeuralProphet,NeuralProphet,8.54126455672003,Свинина,лопатка,ПФО
505,2025-02-17,354.34,NeuralProphet,NeuralProphet,8.54126455672003,Свинина,лопатка,ПФО
506,2025-02-24,356.89,NeuralProphet,NeuralProphet,8.54126455672003,Свинина,лопатка,ПФО
507,2024-12-02,288.04,NeuralProphet,NeuralProphet,10.134739064986666,Свинина,лопатка,СЗФО
508,2024-12-09,277.75,NeuralProphet,NeuralProphet,10.134739064986666,Свинина,лопатка,СЗФО
509,2024-12-16,276.2,NeuralProphet,NeuralProphet,10.134739064986666,Свинина,лопатка,СЗФО
510,2024-12-23,284.2,NeuralProphet,NeuralProphet,10.134739064986666,Свинина,лопатка,СЗФО
511,2024-12-30,282.46,NeuralProphet,NeuralProphet,10.134739064986666,Свинина,лопатка,СЗФО
512,2025-01-06,284.2,NeuralProphet,NeuralProphet,10.134739064986666,Свинина,лопатка,СЗФО
513,2025-01-13,288.89,NeuralProphet,NeuralProphet,10.134739064986666,Свинина,лопатка,СЗФО
514,2025-01-20,279.8,NeuralProphet,NeuralProphet,10.134739064986666,Свинина,лопатка,СЗФО
515,2025-01-27,289.38,NeuralProphet,NeuralProphet,10.134739064986666,Свинина,лопатка,СЗФО
516,2025-02-03,295.47,NeuralProphet,NeuralProphet,10.134739064986666,Свинина,лопатка,СЗФО
517,2025-02-10,296.6,NeuralProphet,NeuralProphet,10.134739064986666,Свинина,лопатка,СЗФО
518,2025-02-17,295.18,NeuralProphet,NeuralProphet,10.134739064986666,Свинина,лопатка,СЗФО
519,2025-02-24,289.85,NeuralProphet,NeuralProphet,10.134739064986666,Свинина,лопатка,СЗФО
520,2024-12-02,296.93,NeuralProphet,NeuralProphet,3.830571115586653,Свинина,лопатка,СФО
521,2024-12-09,294.33,NeuralProphet,NeuralProphet,3.830571115586653,Свинина,лопатка,СФО
522,2024-12-16,291.97,NeuralProphet,NeuralProphet,3.830571115586653,Свинина,лопатка,СФО
523,2024-12-23,295.4,NeuralProphet,NeuralProphet,3.830571115586653,Свинина,лопатка,СФО
524,2024-12-30,293.62,NeuralProphet,NeuralProphet,3.830571115586653,Свинина,лопатка,СФО
525,2025-01-06,287.64,NeuralProphet,NeuralProphet,3.830571115586653,Свинина,лопатка,СФО
526,2025-01-13,289.56,NeuralProphet,NeuralProphet,3.830571115586653,Свинина,лопатка,СФО
527,2025-01-20,282.8,NeuralProphet,NeuralProphet,3.830571115586653,Свинина,лопатка,СФО
528,2025-01-27,288.2,NeuralProphet,NeuralProphet,3.830571115586653,Свинина,лопатка,СФО
529,2025-02-03,289.74,NeuralProphet,NeuralProphet,3.830571115586653,Свинина,лопатка,СФО
530,2025-02-10,288.83,NeuralProphet,NeuralProphet,3.830571115586653,Свинина,лопатка,СФО
531,2025-02-17,286.98,NeuralProphet,NeuralProphet,3.830571115586653,Свинина,лопатка,СФО
532,2025-02-24,282.46,NeuralProphet,NeuralProphet,3.830571115586653,Свинина,лопатка,СФО
533,2024-12-02,295.46,NeuralProphet,NeuralProphet,5.286815695803636,Свинина,лопатка,Санкт-Петербург
534,2024-12-09,293.23,NeuralProphet,NeuralProphet,5.286815695803636,Свинина,лопатка,Санкт-Петербург
535,2024-12-16,291.64,NeuralProphet,NeuralProphet,5.286815695803636,Свинина,лопатка,Санкт-Петербург
536,2024-12-23,297.88,NeuralProphet,NeuralProphet,5.286815695803636,Свинина,лопатка,Санкт-Петербург
537,2024-12-30,293.66,NeuralProphet,NeuralProphet,5.286815695803636,Свинина,лопатка,Санкт-Петербург
538,2025-01-06,290.89,NeuralProphet,NeuralProphet,5.286815695803636,Свинина,лопатка,Санкт-Петербург
539,2025-01-13,294.2,NeuralProphet,NeuralProphet,5.286815695803636,Свинина,лопатка,Санкт-Петербург
540,2025-01-20,289.14,NeuralProphet,NeuralProphet,5.286815695803636,Свинина,лопатка,Санкт-Петербург
541,2025-01-27,299.94,NeuralProphet,NeuralProphet,5.286815695803636,Свинина,лопатка,Санкт-Петербург
542,2025-02-03,302.46,NeuralProphet,NeuralProphet,5.286815695803636,Свинина,лопатка,Санкт-Петербург
543,2025-02-10,303.88,NeuralProphet,NeuralProphet,5.286815695803636,Свинина,лопатка,Санкт-Петербург
544,2025-02-17,302.08,NeuralProphet,NeuralProphet,5.286815695803636,Свинина,лопатка,Санкт-Петербург
545,2025-02-24,298.4,NeuralProphet,NeuralProphet,5.286815695803636,Свинина,лопатка,Санкт-Петербург
546,2024-12-02,304.41,NeuralProphet,NeuralProphet,4.524005512982196,Свинина,лопатка,УФО
547,2024-12-09,299.46,NeuralProphet,NeuralProphet,4.524005512982196,Свинина,лопатка,УФО
548,2024-12-16,297.86,NeuralProphet,NeuralProphet,4.524005512982196,Свинина,лопатка,УФО
549,2024-12-23,305.94,NeuralProphet,NeuralProphet,4.524005512982196,Свинина,лопатка,УФО
550,2024-12-30,301.2,NeuralProphet,NeuralProphet,4.524005512982196,Свинина,лопатка,УФО
551,2025-01-06,302.63,NeuralProphet,NeuralProphet,4.524005512982196,Свинина,лопатка,УФО
552,2025-01-13,311.34,NeuralProphet,NeuralProphet,4.524005512982196,Свинина,лопатка,УФО
553,2025-01-20,294.74,NeuralProphet,NeuralProphet,4.524005512982196,Свинина,лопатка,УФО
554,2025-01-27,305.49,NeuralProphet,NeuralProphet,4.524005512982196,Свинина,лопатка,УФО
555,2025-02-03,312.68,NeuralProphet,NeuralProphet,4.524005512982196,Свинина,лопатка,УФО
556,2025-02-10,318.1,NeuralProphet,NeuralProphet,4.524005512982196,Свинина,лопатка,УФО
557,2025-02-17,320.48,NeuralProphet,NeuralProphet,4.524005512982196,Свинина,лопатка,УФО
558,2025-02-24,315.67,NeuralProphet,NeuralProphet,4.524005512982196,Свинина,лопатка,УФО
559,2024-12-02,272.67,NeuralProphet,NeuralProphet,6.135553546323674,Свинина,лопатка,ЦФО
560,2024-12-09,270.28,NeuralProphet,NeuralProphet,6.135553546323674,Свинина,лопатка,ЦФО
561,2024-12-16,270.59,NeuralProphet,NeuralProphet,6.135553546323674,Свинина,лопатка,ЦФО
562,2024-12-23,278.74,NeuralProphet,NeuralProphet,6.135553546323674,Свинина,лопатка,ЦФО
563,2024-12-30,275.09,NeuralProphet,NeuralProphet,6.135553546323674,Свинина,лопатка,ЦФО
564,2025-01-06,272.86,NeuralProphet,NeuralProphet,6.135553546323674,Свинина,лопатка,ЦФО
565,2025-01-13,277.22,NeuralProphet,NeuralProphet,6.135553546323674,Свинина,лопатка,ЦФО
566,2025-01-20,268.39,NeuralProphet,NeuralProphet,6.135553546323674,Свинина,лопатка,ЦФО
567,2025-01-27,276.44,NeuralProphet,NeuralProphet,6.135553546323674,Свинина,лопатка,ЦФО
568,2025-02-03,282.22,NeuralProphet,NeuralProphet,6.135553546323674,Свинина,лопатка,ЦФО
569,2025-02-10,285.42,NeuralProphet,NeuralProphet,6.135553546323674,Свинина,лопатка,ЦФО
570,2025-02-17,284.49,NeuralProphet,NeuralProphet,6.135553546323674,Свинина,лопатка,ЦФО
571,2025-02-24,279.82,NeuralProphet,NeuralProphet,6.135553546323674,Свинина,лопатка,ЦФО
572,2024-12-02,309.22,NeuralProphet,NeuralProphet,5.964984505084789,Свинина,лопатка,ЮФО
573,2024-12-09,306.92,NeuralProphet,NeuralProphet,5.964984505084789,Свинина,лопатка,ЮФО
574,2024-12-16,306.4,NeuralProphet,NeuralProphet,5.964984505084789,Свинина,лопатка,ЮФО
575,2024-12-23,318.04,NeuralProphet,NeuralProphet,5.964984505084789,Свинина,лопатка,ЮФО
576,2024-12-30,315.9,NeuralProphet,NeuralProphet,5.964984505084789,Свинина,лопатка,ЮФО
577,2025-01-06,313.95,NeuralProphet,NeuralProphet,5.964984505084789,Свинина,лопатка,ЮФО
578,2025-01-13,308.11,NeuralProphet,NeuralProphet,5.964984505084789,Свинина,лопатка,ЮФО
579,2025-01-20,312.12,NeuralProphet,NeuralProphet,5.964984505084789,Свинина,лопатка,ЮФО
580,2025-01-27,324.64,NeuralProphet,NeuralProphet,5.964984505084789,Свинина,лопатка,ЮФО
581,2025-02-03,330.99,NeuralProphet,NeuralProphet,5.964984505084789,Свинина,лопатка,ЮФО
582,2025-02-10,333.92,NeuralProphet,NeuralProphet,5.964984505084789,Свинина,лопатка,ЮФО
583,2025-02-17,332.98,NeuralProphet,NeuralProphet,5.964984505084789,Свинина,лопатка,ЮФО
584,2025-02-24,335.11,NeuralProphet,NeuralProphet,5.964984505084789,Свинина,лопатка,ЮФО
585,2024-12-02,231.56,NeuralProphet,NeuralProphet,3.3791427000254863,Свинина,полутуши,ВСЕ
586,2024-12-09,225.32,NeuralProphet,NeuralProphet,3.3791427000254863,Свинина,полутуши,ВСЕ
587,2024-12-16,226.63,NeuralProphet,NeuralProphet,3.3791427000254863,Свинина,полутуши,ВСЕ
588,2024-12-23,228.04,NeuralProphet,NeuralProphet,3.3791427000254863,Свинина,полутуши,ВСЕ
589,2024-12-30,229.39,NeuralProphet,NeuralProphet,3.3791427000254863,Свинина,полутуши,ВСЕ
590,2025-01-06,237.56,NeuralProphet,NeuralProphet,3.3791427000254863,Свинина,полутуши,ВСЕ
591,2025-01-13,232.94,NeuralProphet,NeuralProphet,3.3791427000254863,Свинина,полутуши,ВСЕ
592,2025-01-20,227.77,NeuralProphet,NeuralProphet,3.3791427000254863,Свинина,полутуши,ВСЕ
593,2025-01-27,232.12,NeuralProphet,NeuralProphet,3.3791427000254863,Свинина,полутуши,ВСЕ
594,2025-02-03,236.84,NeuralProphet,NeuralProphet,3.3791427000254863,Свинина,полутуши,ВСЕ
595,2025-02-10,243.68,NeuralProphet,NeuralProphet,3.3791427000254863,Свинина,полутуши,ВСЕ
596,2025-02-17,238.98,NeuralProphet,NeuralProphet,3.3791427000254863,Свинина,полутуши,ВСЕ
597,2025-02-24,236.78,NeuralProphet,NeuralProphet,3.3791427000254863,Свинина,полутуши,ВСЕ
598,2024-12-02,347.98,NeuralProphet,NeuralProphet,8.150903265702375,Свинина,полутуши,Москва
599,2024-12-09,318.56,NeuralProphet,NeuralProphet,8.150903265702375,Свинина,полутуши,Москва
600,2024-12-16,337.26,NeuralProphet,NeuralProphet,8.150903265702375,Свинина,полутуши,Москва
601,2024-12-23,329.59,NeuralProphet,NeuralProphet,8.150903265702375,Свинина,полутуши,Москва
602,2024-12-30,346.45,NeuralProphet,NeuralProphet,8.150903265702375,Свинина,полутуши,Москва
603,2025-01-06,402.39,NeuralProphet,NeuralProphet,8.150903265702375,Свинина,полутуши,Москва
604,2025-01-13,370.85,NeuralProphet,NeuralProphet,8.150903265702375,Свинина,полутуши,Москва
605,2025-01-20,356.08,NeuralProphet,NeuralProphet,8.150903265702375,Свинина,полутуши,Москва
606,2025-01-27,376.51,NeuralProphet,NeuralProphet,8.150903265702375,Свинина,полутуши,Москва
607,2025-02-03,404.03,NeuralProphet,NeuralProphet,8.150903265702375,Свинина,полутуши,Москва
608,2025-02-10,437.7,NeuralProphet,NeuralProphet,8.150903265702375,Свинина,полутуши,Москва
609,2025-02-17,414.98,NeuralProphet,NeuralProphet,8.150903265702375,Свинина,полутуши,Москва
610,2025-02-24,403.78,NeuralProphet,NeuralProphet,8.150903265702375,Свинина,полутуши,Москва
611,2024-12-02,211.06,NeuralProphet,NeuralProphet,5.605004069217227,Свинина,полутуши,ПФО
612,2024-12-09,213.46,NeuralProphet,NeuralProphet,5.605004069217227,Свинина,полутуши,ПФО
613,2024-12-16,207.5,NeuralProphet,NeuralProphet,5.605004069217227,Свинина,полутуши,ПФО
614,2024-12-23,214.17,NeuralProphet,NeuralProphet,5.605004069217227,Свинина,полутуши,ПФО
615,2024-12-30,216.99,NeuralProphet,NeuralProphet,5.605004069217227,Свинина,полутуши,ПФО
616,2025-01-06,212.72,NeuralProphet,NeuralProphet,5.605004069217227,Свинина,полутуши,ПФО
617,2025-01-13,212.6,NeuralProphet,NeuralProphet,5.605004069217227,Свинина,полутуши,ПФО
618,2025-01-20,212.1,NeuralProphet,NeuralProphet,5.605004069217227,Свинина,полутуши,ПФО
619,2025-01-27,215.73,NeuralProphet,NeuralProphet,5.605004069217227,Свинина,полутуши,ПФО
620,2025-02-03,216.08,NeuralProphet,NeuralProphet,5.605004069217227,Свинина,полутуши,ПФО
621,2025-02-10,216.0,NeuralProphet,NeuralProphet,5.605004069217227,Свинина,полутуши,ПФО
622,2025-02-17,215.0,NeuralProphet,NeuralProphet,5.605004069217227,Свинина,полутуши,ПФО
623,2025-02-24,211.38,NeuralProphet,NeuralProphet,5.605004069217227,Свинина,полутуши,ПФО
624,2024-12-02,226.69,NeuralProphet,NeuralProphet,4.980359692239215,Свинина,полутуши,СЗФО
625,2024-12-09,216.28,NeuralProphet,NeuralProphet,4.980359692239215,Свинина,полутуши,СЗФО
626,2024-12-16,216.22,NeuralProphet,NeuralProphet,4.980359692239215,Свинина,полутуши,СЗФО
627,2024-12-23,215.62,NeuralProphet,NeuralProphet,4.980359692239215,Свинина,полутуши,СЗФО
628,2024-12-30,216.68,NeuralProphet,NeuralProphet,4.980359692239215,Свинина,полутуши,СЗФО
629,2025-01-06,217.26,NeuralProphet,NeuralProphet,4.980359692239215,Свинина,полутуши,СЗФО
630,2025-01-13,218.98,NeuralProphet,NeuralProphet,4.980359692239215,Свинина,полутуши,СЗФО
631,2025-01-20,211.28,NeuralProphet,NeuralProphet,4.980359692239215,Свинина,полутуши,СЗФО
632,2025-01-27,213.65,NeuralProphet,NeuralProphet,4.980359692239215,Свинина,полутуши,СЗФО
633,2025-02-03,217.0,NeuralProphet,NeuralProphet,4.980359692239215,Свинина,полутуши,СЗФО
634,2025-02-10,216.23,NeuralProphet,NeuralProphet,4.980359692239215,Свинина,полутуши,СЗФО
635,2025-02-17,216.44,NeuralProphet,NeuralProphet,4.980359692239215,Свинина,полутуши,СЗФО
636,2025-02-24,213.0,NeuralProphet,NeuralProphet,4.980359692239215,Свинина,полутуши,СЗФО
637,2024-12-02,242.86,NeuralProphet,NeuralProphet,3.6994233516573805,Свинина,полутуши,СФО
638,2024-12-09,243.19,NeuralProphet,NeuralProphet,3.6994233516573805,Свинина,полутуши,СФО
639,2024-12-16,243.56,NeuralProphet,NeuralProphet,3.6994233516573805,Свинина,полутуши,СФО
640,2024-12-23,247.72,NeuralProphet,NeuralProphet,3.6994233516573805,Свинина,полутуши,СФО
641,2024-12-30,245.93,NeuralProphet,NeuralProphet,3.6994233516573805,Свинина,полутуши,СФО
642,2025-01-06,245.04,NeuralProphet,NeuralProphet,3.6994233516573805,Свинина,полутуши,СФО
643,2025-01-13,243.09,NeuralProphet,NeuralProphet,3.6994233516573805,Свинина,полутуши,СФО
644,2025-01-20,243.94,NeuralProphet,NeuralProphet,3.6994233516573805,Свинина,полутуши,СФО
645,2025-01-27,249.83,NeuralProphet,NeuralProphet,3.6994233516573805,Свинина,полутуши,СФО
646,2025-02-03,252.88,NeuralProphet,NeuralProphet,3.6994233516573805,Свинина,полутуши,СФО
647,2025-02-10,252.99,NeuralProphet,NeuralProphet,3.6994233516573805,Свинина,полутуши,СФО
648,2025-02-17,251.74,NeuralProphet,NeuralProphet,3.6994233516573805,Свинина,полутуши,СФО
649,2025-02-24,251.5,NeuralProphet,NeuralProphet,3.6994233516573805,Свинина,полутуши,СФО
650,2024-12-02,228.54,NeuralProphet,NeuralProphet,3.929651530964035,Свинина,полутуши,Санкт-Петербург
651,2024-12-09,221.51,NeuralProphet,NeuralProphet,3.929651530964035,Свинина,полутуши,Санкт-Петербург
652,2024-12-16,222.49,NeuralProphet,NeuralProphet,3.929651530964035,Свинина,полутуши,Санкт-Петербург
653,2024-12-23,225.99,NeuralProphet,NeuralProphet,3.929651530964035,Свинина,полутуши,Санкт-Петербург
654,2024-12-30,226.05,NeuralProphet,NeuralProphet,3.929651530964035,Свинина,полутуши,Санкт-Петербург
655,2025-01-06,226.73,NeuralProphet,NeuralProphet,3.929651530964035,Свинина,полутуши,Санкт-Петербург
656,2025-01-13,228.63,NeuralProphet,NeuralProphet,3.929651530964035,Свинина,полутуши,Санкт-Петербург
657,2025-01-20,227.68,NeuralProphet,NeuralProphet,3.929651530964035,Свинина,полутуши,Санкт-Петербург
658,2025-01-27,230.54,NeuralProphet,NeuralProphet,3.929651530964035,Свинина,полутуши,Санкт-Петербург
659,2025-02-03,233.63,NeuralProphet,NeuralProphet,3.929651530964035,Свинина,полутуши,Санкт-Петербург
660,2025-02-10,232.62,NeuralProphet,NeuralProphet,3.929651530964035,Свинина,полутуши,Санкт-Петербург
661,2025-02-17,231.88,NeuralProphet,NeuralProphet,3.929651530964035,Свинина,полутуши,Санкт-Петербург
662,2025-02-24,229.11,NeuralProphet,NeuralProphet,3.929651530964035,Свинина,полутуши,Санкт-Петербург
663,2024-12-02,237.35,NeuralProphet,NeuralProphet,7.302839816357334,Свинина,полутуши,УФО
664,2024-12-09,238.88,NeuralProphet,NeuralProphet,7.302839816357334,Свинина,полутуши,УФО
665,2024-12-16,240.11,NeuralProphet,NeuralProphet,7.302839816357334,Свинина,полутуши,УФО
666,2024-12-23,242.85,NeuralProphet,NeuralProphet,7.302839816357334,Свинина,полутуши,УФО
667,2024-12-30,242.7,NeuralProphet,NeuralProphet,7.302839816357334,Свинина,полутуши,УФО
668,2025-01-06,240.93,NeuralProphet,NeuralProphet,7.302839816357334,Свинина,полутуши,УФО
669,2025-01-13,240.32,NeuralProphet,NeuralProphet,7.302839816357334,Свинина,полутуши,УФО
670,2025-01-20,240.14,NeuralProphet,NeuralProphet,7.302839816357334,Свинина,полутуши,УФО
671,2025-01-27,242.76,NeuralProphet,NeuralProphet,7.302839816357334,Свинина,полутуши,УФО
672,2025-02-03,243.05,NeuralProphet,NeuralProphet,7.302839816357334,Свинина,полутуши,УФО
673,2025-02-10,241.18,NeuralProphet,NeuralProphet,7.302839816357334,Свинина,полутуши,УФО
674,2025-02-17,243.87,NeuralProphet,NeuralProphet,7.302839816357334,Свинина,полутуши,УФО
675,2025-02-24,241.44,NeuralProphet,NeuralProphet,7.302839816357334,Свинина,полутуши,УФО
676,2024-12-02,215.49,NeuralProphet,NeuralProphet,3.3985983395225725,Свинина,полутуши,ЦФО
677,2024-12-09,209.55,NeuralProphet,NeuralProphet,3.3985983395225725,Свинина,полутуши,ЦФО
678,2024-12-16,210.5,NeuralProphet,NeuralProphet,3.3985983395225725,Свинина,полутуши,ЦФО
679,2024-12-23,211.63,NeuralProphet,NeuralProphet,3.3985983395225725,Свинина,полутуши,ЦФО
680,2024-12-30,212.31,NeuralProphet,NeuralProphet,3.3985983395225725,Свинина,полутуши,ЦФО
681,2025-01-06,213.3,NeuralProphet,NeuralProphet,3.3985983395225725,Свинина,полутуши,ЦФО
682,2025-01-13,214.56,NeuralProphet,NeuralProphet,3.3985983395225725,Свинина,полутуши,ЦФО
683,2025-01-20,211.15,NeuralProphet,NeuralProphet,3.3985983395225725,Свинина,полутуши,ЦФО
684,2025-01-27,213.67,NeuralProphet,NeuralProphet,3.3985983395225725,Свинина,полутуши,ЦФО
685,2025-02-03,215.61,NeuralProphet,NeuralProphet,3.3985983395225725,Свинина,полутуши,ЦФО
686,2025-02-10,215.66,NeuralProphet,NeuralProphet,3.3985983395225725,Свинина,полутуши,ЦФО
687,2025-02-17,215.75,NeuralProphet,NeuralProphet,3.3985983395225725,Свинина,полутуши,ЦФО
688,2025-02-24,214.15,NeuralProphet,NeuralProphet,3.3985983395225725,Свинина,полутуши,ЦФО
689,2024-12-02,215.08,NeuralProphet,NeuralProphet,4.829678912779185,Свинина,полутуши,ЮФО
690,2024-12-09,203.22,NeuralProphet,NeuralProphet,4.829678912779185,Свинина,полутуши,ЮФО
691,2024-12-16,202.89,NeuralProphet,NeuralProphet,4.829678912779185,Свинина,полутуши,ЮФО
692,2024-12-23,198.46,NeuralProphet,NeuralProphet,4.829678912779185,Свинина,полутуши,ЮФО
693,2024-12-30,199.94,NeuralProphet,NeuralProphet,4.829678912779185,Свинина,полутуши,ЮФО
694,2025-01-06,199.55,NeuralProphet,NeuralProphet,4.829678912779185,Свинина,полутуши,ЮФО
695,2025-01-13,199.57,NeuralProphet,NeuralProphet,4.829678912779185,Свинина,полутуши,ЮФО
696,2025-01-20,188.81,NeuralProphet,NeuralProphet,4.829678912779185,Свинина,полутуши,ЮФО
697,2025-01-27,188.65,NeuralProphet,NeuralProphet,4.829678912779185,Свинина,полутуши,ЮФО
698,2025-02-03,191.17,NeuralProphet,NeuralProphet,4.829678912779185,Свинина,полутуши,ЮФО
699,2025-02-10,192.45,NeuralProphet,NeuralProphet,4.829678912779185,Свинина,полутуши,ЮФО
700,2025-02-17,190.35,NeuralProphet,NeuralProphet,4.829678912779185,Свинина,полутуши,ЮФО
701,2025-02-24,183.56,NeuralProphet,NeuralProphet,4.829678912779185,Свинина,полутуши,ЮФО
